nombre,pais,estado,ciudad,imagen,genero,id
Tommy McDermott II,Tonga,Pennsylvania,West Pollyberg,https://cloudflare-ipfs.com/ipfs/Qmd3W5DuhgHirLHGVixi6V76LhCkZUz6pnFt5AJBiyvHye/avatar/1063.jpg,Transexual woman,1
Paul Block,Chile,Idaho,Fort Earnestinetown,https://cloudflare-ipfs.com/ipfs/Qmd3W5DuhgHirLHGVixi6V76LhCkZUz6pnFt5AJBiyvHye/avatar/663.jpg,T* woman,2
Lindsay Brown,Democratic People's Republic of Korea,Nevada,Port Arthur,https://cloudflare-ipfs.com/ipfs/Qmd3W5DuhgHirLHGVixi6V76LhCkZUz6pnFt5AJBiyvHye/avatar/124.jpg,Genderqueer,3
Erik Nicolas,Indonesia,Vermont,Pascalehaven,https://cloudflare-ipfs.com/ipfs/Qmd3W5DuhgHirLHGVixi6V76LhCkZUz6pnFt5AJBiyvHye/avatar/927.jpg,Demiflux,4
Shelley Prohaska,Saint Helena,Pennsylvania,North Lulu,https://cloudflare-ipfs.com/ipfs/Qmd3W5DuhgHirLHGVixi6V76LhCkZUz6pnFt5AJBiyvHye/avatar/262.jpg,Gender questioning,5
Mona Effertz,Singapore,Missouri,Torrancetown,https://cloudflare-ipfs.com/ipfs/Qmd3W5DuhgHirLHGVixi6V76LhCkZUz6pnFt5AJBiyvHye/avatar/1184.jpg,Cisgender male,6
Jodi Waters,Saint Pierre and Miquelon,Rhode Island,Brucetown,https://cloudflare-ipfs.com/ipfs/Qmd3W5DuhgHirLHGVixi6V76LhCkZUz6pnFt5AJBiyvHye/avatar/601.jpg,Genderflux,7
Mercedes McDermott,Portugal,California,Baumbachstad,https://cloudflare-ipfs.com/ipfs/Qmd3W5DuhgHirLHGVixi6V76LhCkZUz6pnFt5AJBiyvHye/avatar/179.jpg,Neither,8
Alejandro Bernier,Oman,Alaska,Omariworth,https://cloudflare-ipfs.com/ipfs/Qmd3W5DuhgHirLHGVixi6V76LhCkZUz6pnFt5AJBiyvHye/avatar/717.jpg,Cis female,9
Tommy Gerlach,Nauru,Hawaii,Savannacester,https://cloudflare-ipfs.com/ipfs/Qmd3W5DuhgHirLHGVixi6V76LhCkZUz6pnFt5AJBiyvHye/avatar/739.jpg,Transexual female,10
Crystal Gleichner,Aruba,Maine,Spencerchester,https://cloudflare-ipfs.com/ipfs/Qmd3W5DuhgHirLHGVixi6V76LhCkZUz6pnFt5AJBiyvHye/avatar/178.jpg,Cis,11
Ms. Jermaine Hegmann,Kazakhstan,Michigan,South Mathew,https://cloudflare-ipfs.com/ipfs/Qmd3W5DuhgHirLHGVixi6V76LhCkZUz6pnFt5AJBiyvHye/avatar/613.jpg,Two* person,12
Keith Reinger,Macedonia,South Carolina,North Sophieside,https://cloudflare-ipfs.com/ipfs/Qmd3W5DuhgHirLHGVixi6V76LhCkZUz6pnFt5AJBiyvHye/avatar/405.jpg,Trans man,13
Justin Kuhic,Trinidad and Tobago,South Carolina,Fort Michalefurt,https://cloudflare-ipfs.com/ipfs/Qmd3W5DuhgHirLHGVixi6V76LhCkZUz6pnFt5AJBiyvHye/avatar/240.jpg,Female to male,14
Carmen Blick,Argentina,Minnesota,Obiefort,https://cloudflare-ipfs.com/ipfs/Qmd3W5DuhgHirLHGVixi6V76LhCkZUz6pnFt5AJBiyvHye/avatar/1087.jpg,Transexual male,15
Ollie Howell,Equatorial Guinea,Utah,Heaneybury,https://cloudflare-ipfs.com/ipfs/Qmd3W5DuhgHirLHGVixi6V76LhCkZUz6pnFt5AJBiyvHye/avatar/397.jpg,Transexual man,16
Nina Gottlieb,Georgia,Arkansas,Lockmanchester,https://cloudflare-ipfs.com/ipfs/Qmd3W5DuhgHirLHGVixi6V76LhCkZUz6pnFt5AJBiyvHye/avatar/920.jpg,Transexual female,17
Dr. Jaime Stanton,Falkland Islands (Malvinas),Rhode Island,North Leviberg,https://cloudflare-ipfs.com/ipfs/Qmd3W5DuhgHirLHGVixi6V76LhCkZUz6pnFt5AJBiyvHye/avatar/586.jpg,Intersex,18
Percy Greenholt,Anguilla,Florida,Lake Coleman,https://cloudflare-ipfs.com/ipfs/Qmd3W5DuhgHirLHGVixi6V76LhCkZUz6pnFt5AJBiyvHye/avatar/463.jpg,Two-spirit person,19
Ms. Enrique Wiza,Liechtenstein,Michigan,East Tressastead,https://cloudflare-ipfs.com/ipfs/Qmd3W5DuhgHirLHGVixi6V76LhCkZUz6pnFt5AJBiyvHye/avatar/1053.jpg,Transexual male,20
Inez Jenkins,Bouvet Island (Bouvetoya),Nebraska,New Russellcester,https://cloudflare-ipfs.com/ipfs/Qmd3W5DuhgHirLHGVixi6V76LhCkZUz6pnFt5AJBiyvHye/avatar/446.jpg,Genderqueer,21
Jay Hansen Sr.,Tunisia,Vermont,East Connerfort,https://cloudflare-ipfs.com/ipfs/Qmd3W5DuhgHirLHGVixi6V76LhCkZUz6pnFt5AJBiyvHye/avatar/1176.jpg,Male to female,22
Debra Jast,Sweden,New Jersey,Port Richmondville,https://cloudflare-ipfs.com/ipfs/Qmd3W5DuhgHirLHGVixi6V76LhCkZUz6pnFt5AJBiyvHye/avatar/730.jpg,Trans female,23
Jodi Kassulke PhD,Sudan,Minnesota,Lake Chaya,https://cloudflare-ipfs.com/ipfs/Qmd3W5DuhgHirLHGVixi6V76LhCkZUz6pnFt5AJBiyvHye/avatar/916.jpg,Cis woman,24
Randy Smith,Libyan Arab Jamahiriya,Ohio,Lake Kamerontown,https://cloudflare-ipfs.com/ipfs/Qmd3W5DuhgHirLHGVixi6V76LhCkZUz6pnFt5AJBiyvHye/avatar/891.jpg,T* woman,25
Cesar Reinger,Palau,Idaho,New Ryannstad,https://cloudflare-ipfs.com/ipfs/Qmd3W5DuhgHirLHGVixi6V76LhCkZUz6pnFt5AJBiyvHye/avatar/530.jpg,Cisgender,26
Mabel Will,Ireland,Minnesota,Derrickworth,https://cloudflare-ipfs.com/ipfs/Qmd3W5DuhgHirLHGVixi6V76LhCkZUz6pnFt5AJBiyvHye/avatar/1114.jpg,Demi-woman,27
May Little,Zimbabwe,New Jersey,Justonstad,https://cloudflare-ipfs.com/ipfs/Qmd3W5DuhgHirLHGVixi6V76LhCkZUz6pnFt5AJBiyvHye/avatar/389.jpg,Transexual person,28
Josefina Davis,New Zealand,Kentucky,Lake Amyfield,https://cloudflare-ipfs.com/ipfs/Qmd3W5DuhgHirLHGVixi6V76LhCkZUz6pnFt5AJBiyvHye/avatar/941.jpg,Two-spirit,29
Lindsay Kuhlman,Chad,Wyoming,O'Fallon,https://cloudflare-ipfs.com/ipfs/Qmd3W5DuhgHirLHGVixi6V76LhCkZUz6pnFt5AJBiyvHye/avatar/16.jpg,Male to female,30
Kerry Flatley,Cook Islands,Missouri,South Sadie,https://cloudflare-ipfs.com/ipfs/Qmd3W5DuhgHirLHGVixi6V76LhCkZUz6pnFt5AJBiyvHye/avatar/949.jpg,MTF,31
Dave Wisozk,Holy See (Vatican City State),Oregon,Strackemouth,https://cloudflare-ipfs.com/ipfs/Qmd3W5DuhgHirLHGVixi6V76LhCkZUz6pnFt5AJBiyvHye/avatar/11.jpg,Female to male,32
Jaime Wiegand,Congo,New Hampshire,Lake Ella,https://cloudflare-ipfs.com/ipfs/Qmd3W5DuhgHirLHGVixi6V76LhCkZUz6pnFt5AJBiyvHye/avatar/1090.jpg,Trans person,33
Antoinette Littel,Saint Martin,North Dakota,Deliaville,https://cloudflare-ipfs.com/ipfs/Qmd3W5DuhgHirLHGVixi6V76LhCkZUz6pnFt5AJBiyvHye/avatar/812.jpg,Intersex man,34
Edwin Fay,Maldives,New Mexico,Santiagoboro,https://cloudflare-ipfs.com/ipfs/Qmd3W5DuhgHirLHGVixi6V76LhCkZUz6pnFt5AJBiyvHye/avatar/328.jpg,Trans female,35
Brooke Mosciski,Russian Federation,New Mexico,Abbottland,https://cloudflare-ipfs.com/ipfs/Qmd3W5DuhgHirLHGVixi6V76LhCkZUz6pnFt5AJBiyvHye/avatar/144.jpg,Transmasculine,36
Ignacio Kuhn,Timor-Leste,Delaware,McAllen,https://cloudflare-ipfs.com/ipfs/Qmd3W5DuhgHirLHGVixi6V76LhCkZUz6pnFt5AJBiyvHye/avatar/235.jpg,Trans man,37
Phyllis Lindgren,United States of America,Michigan,Fletcherstad,https://cloudflare-ipfs.com/ipfs/Qmd3W5DuhgHirLHGVixi6V76LhCkZUz6pnFt5AJBiyvHye/avatar/1029.jpg,Trans man,38
Dixie McKenzie PhD,Gibraltar,Texas,Padbergchester,https://cloudflare-ipfs.com/ipfs/Qmd3W5DuhgHirLHGVixi6V76LhCkZUz6pnFt5AJBiyvHye/avatar/864.jpg,Gender neutral,39
Miss Paulette Crist I,Bangladesh,Nevada,Uptonhaven,https://cloudflare-ipfs.com/ipfs/Qmd3W5DuhgHirLHGVixi6V76LhCkZUz6pnFt5AJBiyvHye/avatar/237.jpg,Trans female,40
Irvin Cormier,Indonesia,New Hampshire,Nakiaton,https://cloudflare-ipfs.com/ipfs/Qmd3W5DuhgHirLHGVixi6V76LhCkZUz6pnFt5AJBiyvHye/avatar/783.jpg,Two-spirit person,41
Wendell Runolfsdottir,Seychelles,Montana,Brendanland,https://cloudflare-ipfs.com/ipfs/Qmd3W5DuhgHirLHGVixi6V76LhCkZUz6pnFt5AJBiyvHye/avatar/133.jpg,Female to male transgender man,42
Susie Cassin,Peru,Vermont,Gilbert,https://cloudflare-ipfs.com/ipfs/Qmd3W5DuhgHirLHGVixi6V76LhCkZUz6pnFt5AJBiyvHye/avatar/320.jpg,Cis woman,43
Austin Hills,Guernsey,Hawaii,South Emmastead,https://cloudflare-ipfs.com/ipfs/Qmd3W5DuhgHirLHGVixi6V76LhCkZUz6pnFt5AJBiyvHye/avatar/283.jpg,Xenogender,44
Ray Bednar,Iran,Nevada,Ortizside,https://cloudflare-ipfs.com/ipfs/Qmd3W5DuhgHirLHGVixi6V76LhCkZUz6pnFt5AJBiyvHye/avatar/1086.jpg,Cis male,45
Ryan Nader DDS,Bahamas,Colorado,Langworthhaven,https://cloudflare-ipfs.com/ipfs/Qmd3W5DuhgHirLHGVixi6V76LhCkZUz6pnFt5AJBiyvHye/avatar/888.jpg,Trans male,46
Jean Bogisich,Greece,Colorado,West Haylieland,https://cloudflare-ipfs.com/ipfs/Qmd3W5DuhgHirLHGVixi6V76LhCkZUz6pnFt5AJBiyvHye/avatar/642.jpg,Other,47
Dorothy Erdman,Yemen,New Mexico,Dennisberg,https://cloudflare-ipfs.com/ipfs/Qmd3W5DuhgHirLHGVixi6V76LhCkZUz6pnFt5AJBiyvHye/avatar/652.jpg,Polygender,48
Vicky Jast,Cyprus,Delaware,West Giuseppebury,https://cloudflare-ipfs.com/ipfs/Qmd3W5DuhgHirLHGVixi6V76LhCkZUz6pnFt5AJBiyvHye/avatar/300.jpg,Intersex,49
Ashley Gerhold,Anguilla,Idaho,North Rocky,https://cloudflare-ipfs.com/ipfs/Qmd3W5DuhgHirLHGVixi6V76LhCkZUz6pnFt5AJBiyvHye/avatar/401.jpg,Male to female transgender woman,50
